{
	"events": [
		{
			"character": "character-1668432295.json",
			"event_id": "dialogic_001",
			"portrait": "",
			"text": "Hello Welcome To Our Game \nMy name is Aaron Jaeger\nIf you forgot, you were assigned to collect items that are necessary to prepare for a natural disaster\nYou have to collect items like Medkit,Flashlight,CannedFood,Clothes to move on to the different levels\nYou have to collect 3 medkit to move on to the next level\nSo... Good luck !!!!\n(press left click to exit the scene)"
		}
	],
	"metadata": {
		"dialogic-version": "1.4.5",
		"file": "timeline-1668432372.json",
		"name": "timeline-1"
	}
}
