{
	"events": [
		{
			"character": "character-1668432295.json",
			"event_id": "dialogic_001",
			"portrait": "",
			"text": "Hello Welcome To The Dungeon\nMy name is Joe\nIf you forgot, you were assigned to collect items that are necessary to prepare for a natural disaster\nSpecifically you have to collect flashlights\nYou have to collect 8 flashlights to move on to the next level\nSince the storm is so dark you need a light source\nWhy are you here inside the dungeon in the first place ?\nWell, the outside world is now beyond recognition because of climate change and the natural disasters were on a rampage\n So now you tried to scavenge for items everywhere\nand now you found yourself inside a dungeon scavenging for these items so that you can have the necessary things\nTo survive the outside world\nSo..... Good luck !!!!\nthere might be some googlies out there that will probably kill you \nHow did they get there ? \nIdk to but goodluck surviving\nWhy do I need to collect 8 flashlights ?\nBecause you need 8 flashlights to transition to the next dungeon level\nWhat will I expect there ? \nYou will probably meet Bob and from there he will guide you for your next task\nHow did I get here ?\nYou are now asking too many questions...\nNow get out !\n\n(press left click to exit the scene)"
		},
		{
			"character": "",
			"event_id": "dialogic_001",
			"portrait": "",
			"text": ""
		}
	],
	"metadata": {
		"dialogic-version": "1.4.5",
		"file": "timeline-1668432372.json",
		"name": "timeline-1"
	}
}
