{
	"events": [
		{
			"character": "character-1668645913.json",
			"event_id": "dialogic_001",
			"portrait": "",
			"text": "Hi I am \nYou might know me from Joe\nIt seems that you have finished the quest\nNow that you have collected the flashlight you may now use that \nMedyo pundi nga lang yung ilaw so ingat nalang babes \nTry to find the key to exit the dungeon \nYou can not exit the dungeon without one\nPaano umuulan sa loob ng dungeon ???\nMay butas kasi yung dungeon\nKinulang sa BOYSEN Roofgard \nSinabi mo na delikado lumabas dahil sa natural disasters so bakit ako lalabas ?\n....\n...\n.\nheh..\nKung may bukas sa dungeon bakit di ka nalang lumabas doon at kailangan mo pang hanapin yung key ?\nKasi kung ginawa namin yun magiging boring yung game\nSo ito na nga\nPapunta na tayo sa exciting part cause this is going to be the last level (I think) \nBe careful since the googlies are still after you \nThe heavy rainfall and thunderstorm will  disrupt your field of vision that's why wala ka masyadong makita\nSoooo do your best to survive\nGood luck !\nOh I also forgot, there are also \"ghost tiles\" that you can pass through if you found yourself stuck\nYou can differentiate it cause the shadow and lighting acts different when you are near that \"ghost tile\"\n\nlabyu sir raden <333\nang pogi pogi pogi pogi niyo po masyado sir sobrang pogi niyo po\nwalang itong halong masamang intensyon\nsige alis na nga ako masyado na ako nagiging madaldal\nbyeee\n\n\n(press left click to exit the scene)\n"
		}
	],
	"metadata": {
		"dialogic-version": "1.4.5",
		"file": "timeline-1668645138.json",
		"name": "timeline-2"
	}
}
